#C5 messages - done by Enforcer
#name;id;spawnx;spawny;spawnz;heading;IdWaypoint1;Ticket1;xtelenoticket;ytelenoticket;ztelenoticket;annonceur1;message10_1;message5_1;message1_1;message0_1;message_begin_1;;IdWaypoint2;Ticket2;xtelenoticket;ytelenoticket;ztelenoticket;annonceur2;message10_2;message5_2;message1_2;message0_2;message_begin_2 

TI_Gludin_TI;1;-96622;261660;-3610;32768;1;1074;-96777;258970;-3623; Passenger Boat Info;The ferry arrived at Talking Island Harbor. The ferry will leave for Gludin Harbor after anchoring for ten minutes.;The ferry will leave for Gludin Harbor in five minutes.;The ferry will leave for Gludin Harbor in one minute.;The ferry will be leaving soon for Gludin Harbor.;The ferry is leaving for Gludin Harbor.;2;1075;-90015;150422;-3610; Passenger Boat Info;The ferry has arrived at Gludin Harbor. The ferry will leave for Talking Island Harbor after anchoring for ten minutes.;The ferry will leave for Talking Island Harbor in five minutes.;The ferry will leave for Talking Island Harbor in one minute.;The ferry will be leaving soon for Talking Island Harbor.;The ferry is leaving for Talking Island Harbor.

TI_Giran_TI;2;48950;190613;-3610;60800;3;3946;46763;187041;-3451; Passenger Boat Info;The ferry has arrived at Giran Harbor. The ferry will leave for Talking Island Harbor after anchoring for ten minutes.;We depart for Talking Island Harbor in five minutes.;We depart for Talking Island Harbor in one minute.;All aboard for Talking Island!;We are now leaving for Talking Island!;4;3945;-96777;258970;-3623; Passenger Boat Info;The ferry arrived at Talking Island Harbor.The ferry will leave for Giran Harbor after anchoring for ten minutes.;The ferry will leave for Giran Harbor in five minutes.;The ferry will leave for Giran Harbor in one minute.Those wishing to ride should make haste to get on.;The ferry will be leaving soon for Giran Harbor.;The ferry is leaving for Giran Harbor.

Gludin_Rune_Gludin;3;-95686;150514;-3610;16723;5;7905;-90015;150422;-3000; Passenger Boat Info;The ferry has arrived at Gludin Harbor. Departure for Rune Harbor will take place after anchoring for ten minutes.;Departure for Rune Harbor will take place in five minutes!;Departure for Rune Harbor will take place in one minute!;Make haste! We will be departing for Rune shortly.;We are now departing for Rune Harbor. Hold on and enjoy the ride!;6;7904;35929;-39403;-3152; Passenger Boat Info;Arrived at Rune Harbor. Departure for Gludin Harbor will take place after anchoring for ten minutes;Departure for Gludin Harbor will take place in five minutes.;Departure for Gludin Harbor will take place in one minute.;Make haste! We will be departing for Gludin shortly.;We are now departing for Gludin Harbor. Hold on and enjoy the ride!

Innadril_Tour;4;111264;226240;-3610;32768;7;0;107092;219098;-3952;Passenger Boat Info;The Innadril pleasure boat has arrived. It will anchor for ten minutes.;The Innadril pleasure boat will leave in five minutes.;The Innadril pleasure boat will leave in one minute.Those wishing to ride should make haste to get on.;Innadril pleasure boat is leaving soon.Those wishing to ride should make haste to get on.;Innadril pleasure boat is leaving.;7;0;107092;219098;-3952;Passenger Boat Info;The Innadril pleasure boat has arrived. It will anchor for ten minutes.;The Innadril pleasure boat will leave in five minutes.;The Innadril pleasure boat will leave in one minute.Those wishing to ride should make haste to get on.;Innadril pleasure boat is leaving soon.Those wishing to ride should make haste to get on.;Innadril pleasure boat is leaving.

Rune_Primeval_Rune;5;37885;-35767;-3615;0;8;8925;34513;-38009;-3610;Passenger Boat Info;The boat for Primeval Isle has arrived. It will anchor for ten minutes.;The boat for Primeval Isle will leave in five minutes.;The boat for Primeval Isle will leave in one minute.Those wishing to ride should make haste to get on.;The boat for Primeval Isle is leaving soon.Those wishing to ride should make haste to get on.;The boat for Primeval Isle is leaving.;9;8924;10449;-25180;-3688;Passenger Boat Info;The boat from Rune arrived. It will anchor for ten minutes.;The boat for Rune will leave in five minutes.;The boat for Rune will leave in one minute.Those wishing to ride should make haste to get on.;The boat for Rune is leaving soon.Those wishing to ride should make haste to get on.;The boat for Rune is leaving.
